{"cameraMode":{"drawMode":0,"name":"Shaded","section":"Shading Mode"},"sceneLighting":true,"audioPlay":false,"sceneViewState":{"m_AlwaysRefresh":false,"showFog":true,"showSkybox":true,"showFlares":true,"showImageEffects":true,"showParticleSystems":true,"showVisualEffectGraphs":true,"m_FxEnabled":true},"in2DMode":false,"pivot":{"x":3.4296340942382814,"y":-11.404090881347657,"z":39.08479309082031},"rotation":{"x":-0.25655996799468996,"y":-0.04983603209257126,"z":0.013245663605630398,"w":-0.9651684165000916},"size":116.25131225585938,"orthographic":false}